Adisak Intana,psupic2018001
Alireza Ahrary,psupic2018002
Assoc. Porf. Kan Huaiwai,psupic2018003
Chinh Nguyen Nhu Bao,psupic2018004
Christopher David,psupic2018005
David Bruner,psupic2018006
Dr. Steven Martin,psupic2018007
Guaili Zhang,psupic2018008
Hongyuan Yu,psupic2018009
Hu Aiqing Eric Hu,psupic2018010
Hui Chen,psupic2018011
Inderpal Virdee,psupic2018012
Intan H.M. Hashim,psupic2018013
Jirawat Paiboon,psupic2018014
John Kane,psupic2018015
Kazuhi Noro,psupic2018016
Kengo Fukae,psupic2018017
Khanista Namee,psupic2018018
Khuong Nguyen Quoc,psupic2018019
Kodai Kitada,psupic2018020
Mario Tomiša,psupic2018021
Pen-Ek Siriyotha,psupic2018022
Peter Wall,psupic2018023
Prof. Lin Shaoxiong,psupic2018024
Ratthakorn Pongprasert,psupic2018025
Sirin Sawangwan,psupic2018026
Siti Fatimahwati Pehin Dato Hj Musa,psupic2018027
Siti Rozaidah Pg Hj Idris,psupic2018028
Sunyoung Han,psupic2018029
Suraiya Charoenreh,psupic2018030
Sutham Makaval,psupic2018031
Wasupon Tanthavanich,psupic2018032
Xinlei Li,psupic2018033
Xinling Zhang,psupic2018034
Yang Wenbo,psupic2018035
Yizhong Li,psupic2018036
Yuwen Wei,psupic2018037
Zhu Luan,psupic2018038
